Date,Latitude,EXP #,Station,Depth,Mean,stdev,Type 
1/24/23,28.2611,1,1,5,3.420610898,0.601739787,
1/25/23,26.3746,2,UW,5,3.914041721,0.666060201,UW01
1/26/23,23.5256,3,UW,5,2.426991024,0.493654097,UW02
1/29/23,19.2779,6,2,5,4.874123614,0.974824723,UW03
1/30/23,15.9776,7,3,5,9.90307799,1.050566995,
1/31/23,12.3615,8,4,5,17.92756896,2.468301756,
2/3/23,7.413,11,UW,5,12.30426721,1.009666716,UW04
2/4/23,2.6223,12,7,5,12.40971998,1.589094137,
2/7/23,0.004,15,8,5,16.19852679,0.772438937,UW05
2/8/23,-1.9989,16,9,5,29.55341042,0.972770279,
2/11/23,-0.3662,19,11,5,25.30281708,2.6844359,
2/12/23,2.1358,20,12,5,22.76533057,2.352787944,
2/13/23,5.269,21,13,5,17.95678806,1.080937929,
2/14/23,8.5391,23,16,5,18.20132833,2.234404375,
2/15/23,11.654,25,17,5,11.14827033,0.311188828,